{
    "d_model": 512,
    "n_heads": 16,
    "seq_len": 336,
    "label_len": 24,
    "e_layers": 3,
    "d_layers": 1,
    "d_ff": 1024,
    "dropout": 0.3370289588925187,
    "factor": 4,
    "batch_size": 64,
    "learning_rate": 1.6033462452150833e-05
}